sample	chrom	reg_start	reg_end	reg_pos	lg_pd_mean	pd_mean	first_pos_start	last_pos_end	reg_reads	pos_cov_mean	pos_len_mean	pos_len_sum	reg_len	chrom_len	p_expected	p_observed	fold_enrichment	log_ratio	p_value
sv.B3d_S140	CAXWAE020000001.1	0	6605000	13	5.2174	164968.11044727283	996506	6100180	44	3.3846153846153846	45.23076923076923	588	6605000	6605000	0.0029667552179242487	0.0003398159765788373	0.1145412922932673	-0.9410379213390773	1.0
sv.B3d_S140	CAXWAE020000002.1	0	6197419	23	4.6972	49796.63541644851	3538935	6165601	96	4.173913043478261	23.869565217391305	549	6197419	6197419	0.002783682839653729	0.0006012128816394814	0.2159775075935979	-0.6655914749445129	1.0
sv.B3d_S140	CAXWAE020000011.1	0	3331000	12	5.1648	146150.3972006163	474525	3196375	49	4.083333333333333	146.75	1761	3331000	3331000	0.0014961788994558173	0.0003136762860727729	0.20965159058643432	-0.6785018383389201	0.9999999999999101
sv.B3d_S140	CAXWAE020000012.1	0	331856	74	3.1452	1397.011560541224	14195	331856	682	9.216216216216216	314.6081081081081	23281	331856	3298744	0.0001490591248447342	0.0019343370974487662	12.976978762377996	1.1131735938853755	9.128348461184334e-55
sv.B3d_S140	CAXWAE020000012.1	331857	2809397	188	3.8026	6347.460398326997	337578	2803715	637	3.3882978723404253	230.92021276595744	43413	2477540	3298744	0.0011128319034997794	0.004914261815140109	4.415996521743396	0.645028722649529	2.225901302110548e-60
sv.B3d_S140	CAXWAE020000012.1	2809398	3298744	94	3.443	2773.320104651841	2809398	3293001	375	3.9893617021276597	231.22340425531914	21735	489346	3298744	0.00021979860694479325	0.0024571309075700543	11.179010375562623	1.0484033592341873	1.7176498130979174e-63
sv.B3d_S140	CAXWAE020000014.1	0	549210	10	3.7124	5157.03406302646	461390	549210	44	4.4	230.6	2306	549210	3200000	0.00024668760533477313	0.0002613969050606441	1.059627234639168	0.02515311204639544	0.47001445036263895
sv.B3d_S140	CAXWAE020000014.1	549211	3200000	15	4.9643	92108.561544842	640482	2861285	50	3.3333333333333335	194.86666666666667	2923	2650789	3200000	0.0011906498254907194	0.00039209535759096613	0.3293120690874551	-0.4823923523672523	0.9999999558795384
sv.B3d_S140	CAXWAE020000016.1	0	2788000	11	4.9333	85763.00705241579	486984	2632287	27	2.4545454545454546	165.54545454545453	1821	2788000	2788000	0.0012522806279444065	0.0002875365955667085	0.22961035182560802	-0.6390085359631148	0.9999999999661915
sv.B3d_S140	CAXWAE020000051.1	0	1038745	15	4.3542	22604.7651846834	25310	1031392	80	5.333333333333333	269.4	4041	1038745	1280092	0.0004665711050481035	0.00039209535759096613	0.8403764256908731	-0.07552613896000275	0.7819396736673536
sv.B3d_S140	CAXWAE020000051.1	1038746	1078897	16	3.0584	1143.9314495393062	1038746	1078897	113	7.0625	260.4375	4167	40151	1280092	1.8034547881131946e-05	0.0004182350480970305	23.190769785506806	1.3653151646815085	6.566409592769467e-17
sv.B3d_S140	CAXWAE020000051.1	1078898	1280092	10	3.8891	7746.401447537537	1158846	1263798	66	6.6	261.8	2618	201194	1280092	9.036992419607136e-05	0.0002613969050606441	2.8925210172081544	0.4612765232415453	0.0030419387109134207
sv.B3d_S140	CAXWAE020000084.1	0	815425	24	4.1843	15286.21628027268	66827	674380	253	10.541666666666666	348.375	8361	815425	815425	0.00036626288774805157	0.0006273525721455458	1.7128477744572774	0.23371876772275302	0.009402457990456005
sv.B3d_S140	CAXWAE020000090.1	0	774774	16	4.3945	24802.75937692957	124260	744319	47	2.9375	22.375	358	774774	774774	0.0003480037558231706	0.0004182350480970305	1.201811880184265	0.0798364927983455	0.26471668944674676
sv.B3d_S140	CAXWAE020000208.1	0	257991	11	4.0856	12178.673848912604	1634	251411	44	4.0	20.09090909090909	221	257991	257991	0.0001158813240616949	0.0002875365955667085	2.4813022969397966	0.39467967757138206	0.005996737089610468
sv.B3d_S140	CAXWAE020000363.1	0	84000	15	3.2816	1912.4936418442082	1252	83077	63	4.2	239.26666666666668	3589	84000	84000	3.773011934983148e-05	0.00039209535759096613	10.392104884574595	1.0167035212984314	4.8673835606179636e-11
sv.B3d_S140	OZ183624.2	0	231334465	4247	4.4184	26205.955547333484	46638	231122698	17281	4.068989875206028	30.238756769484343	128424	231334465	231334465	0.10390805921642157	0.11101526557925555	1.0683989905733005	0.028733469026747633	3.3188008169019223e-06
sv.B3d_S140	OZ183625.2	0	206948852	4038	4.4223	26442.34699211587	263245	206937288	17143	4.245418524021793	27.61292719167905	111501	206948852	206948852	0.09295482006274536	0.10555207026348808	1.1355201397005499	0.055194841315111626	4.5245145001843883e-17
sv.B3d_S140	OZ183626.2	0	110914073	2068	4.4306	26952.558665040997	39565	110914073	8892	4.299806576402321	28.198742746615086	58315	110914073	212178734	0.04981906204602286	0.054056879966541196	1.0850641852029137	0.03545542892645675	8.760867147425167e-05
sv.B3d_S140	OZ183626.2	110914074	121053027	18	5.4395	275105.96049903636	111264702	120922334	150	8.333333333333334	59.94444444444444	1079	10138953	212178734	0.004554094128242046	0.00047051442910915934	0.10331679931499034	-0.9858290564415101	1.0
sv.B3d_S140	OZ183626.2	121053028	170337682	931	4.4404	27567.666102901032	121053028	170302834	3670	3.941997851772288	27.84425349087003	25923	49284654	212178734	0.022137093780180347	0.024336051861145964	1.0993336389501307	0.04112951732352846	0.002075696299143768
sv.B3d_S140	OZ183626.2	170337683	173726647	158	3.7813	6043.659664361793	170337683	173726647	903	5.715189873417722	75.0886075949367	11864	3388964	212178734	0.001522214478479551	0.004130071099958176	2.7131991965307396	0.4334816797838449	3.019599915786581e-27
sv.B3d_S140	OZ183626.2	173726648	201139991	593	4.3867	24361.274198059837	173779552	201100390	2226	3.753794266441821	27.890387858347385	16539	27413343	212178734	0.012313198847236514	0.015500836470096193	1.258879732424291	0.09998424159365807	2.958463739447816e-08
sv.B3d_S140	OZ183626.2	201139992	201145742	5	2.3566	227.30029532909754	201139992	201145742	26	5.2	177.8	889	5750	212178734	2.582716503113464e-06	0.00013069845253032205	50.60503248140673	1.7041937079510203	7.225619999546215e-08
sv.B3d_S140	OZ183626.2	201145743	212178734	194	4.4514	28274.829840696028	201183191	211906207	647	3.3350515463917527	25.13917525773196	4877	11032991	212178734	0.004955667466852578	0.0050710999581764955	1.0232930260345396	0.010000014325401093	0.38356682740621334
sv.B3d_S140	OZ183627.2	0	112351688	2253	4.3883	24451.189978250408	483037	112342225	9089	4.034176653351087	28.69507323568575	64650	112351688	112351688	0.0504647928261313	0.05889272271016311	1.1670061326332786	0.06707313827484265	1.0913877163428649e-13
sv.B3d_S140	OZ183628.2	0	117723036	1965	4.4479	28047.877373492076	175361	117699344	8272	4.209669211195929	30.80916030534351	60540	117723036	117723036	0.05287743093457747	0.05136449184441656	0.9713878101976477	-0.012607350726183702	0.9092973051542026
sv.B3d_S140	OZ183629.2	0	52128202	1156	4.3742	23670.09494686908	16253	52057768	4900	4.2387543252595155	28.71280276816609	33192	52128202	106774127	0.023414324797049094	0.030217482225010455	1.2905553539096188	0.11077663683954495	1.9306466737265996e-17
sv.B3d_S140	OZ183629.2	52128203	52129743	6	2.1476	140.47531026968778	52128203	52129743	21	3.5	42.5	255	1540	106774127	6.917188547469103e-07	0.00015683814303638644	226.7368338452639	2.3555220778518127	4.660423964027508e-13
sv.B3d_S140	OZ183629.2	52129744	106774127	943	4.4524	28340.010055090956	52208389	106377907	3409	3.6150583244962884	29.909862142099684	28205	54644383	106774127	0.024544513004617883	0.024649728147218736	1.0042867072808108	0.0018577144173088714	0.45159187257483685
sv.B3d_S140	OZ183630.2	0	100879271	1851	4.4089	25638.936102242948	395479	100767384	8172	4.414910858995138	27.45218800648298	50814	100879271	100879271	0.045311749223261824	0.04838456712672522	1.0678150359705356	0.028496031892800817	0.0021785840704419412
sv.B3d_S140	OZ183631.2	0	95320580	1887	4.3942	24785.63215394193	16041	94619566	7359	3.899841017488076	29.24907260201378	55193	95320580	95320580	0.04281496261779951	0.049325595984943536	1.1520644412389922	0.061476772222409166	4.1578339909056427e-10
sv.B3d_S140	OZ183632.2	0	37437556	762	4.4047	25392.180698867145	1043757	37302879	3344	4.388451443569553	28.089238845144358	21404	37437556	87136867	0.01681575542911904	0.01991844416562108	1.1845108148474413	0.07353903028219018	2.387524147743655e-06
sv.B3d_S140	OZ183632.2	37437557	37438056	3	1.1215	13.228177080099346	37437557	37438056	8	2.6666666666666665	153.0	459	499	87136867	2.241348756614989e-07	7.841907151819322e-05	349.8744730678421	2.5439122574009043	1.0438776681374864e-07
sv.B3d_S140	OZ183632.2	37438057	87136867	1009	4.4117	25804.770444360223	37454584	87059719	3701	3.66798810703667	27.494549058473737	27742	49698810	87136867	0.022323119438626166	0.026374947720618987	1.1815081576359734	0.07243672453297353	9.657507946270825e-08
sv.B3d_S140	OZ183633.2	0	79618381	1524	4.4226	26460.619028529454	65749	77220358	5804	3.8083989501312336	28.62729658792651	43628	79618381	79618381	0.0357620359234566	0.03983688833124216	1.113943524258719	0.046863173131661516	1.2886444573118445e-05
sv.B3d_S140	OZ183634.2	0	79180592	1665	4.3926	24694.486510125796	42455	78190063	7678	4.611411411411411	26.852852852852852	44710	79180592	79180592	0.03556539507559894	0.04352258469259724	1.2237340426019236	0.08768704168137638	2.366297610722666e-16
sv.B3d_S140	OZ183635.2	0	74345968	1559	4.3975	24974.683891541434	65783	73635775	6048	3.8794098781270043	27.928800513149454	43541	74345968	74345968	0.033393836259747046	0.040751777498954415	1.2203383038107736	0.08648024306096334	4.943946666638651e-15
sv.B3d_S140	OZ183636.2	0	5635070	18	5.2989	199021.5022279334	106848	5422393	65	3.611111111111111	34.333333333333336	618	5635070	67855162	0.0025310936148173198	0.00047051442910915934	0.1858937284479375	-0.7307352619031866	1.0
sv.B3d_S140	OZ183636.2	5635071	67855162	1343	4.3685	23361.461022189324	5635071	67712868	5285	3.9352196574832465	27.95830230826508	37548	62220091	67855162	0.027947279278421132	0.0351056043496445	1.2561367423250573	0.0990369190227625	1.594352803663805e-16
sv.B3d_S140	OZ183637.2	0	57730112	1180	4.4026	25269.694993783334	79894	57020146	4741	4.0177966101694915	28.895762711864407	34097	57730112	57730112	0.02593052399808498	0.030844834797156002	1.189518376081947	0.07537115555306186	2.243392499027305e-09
sv.B3d_S140	OZ183638.2	0	7375158	174	4.3969	24940.203914051803	47377	7279492	691	3.971264367816092	23.57471264367816	4102	7375158	56849043	0.0033126856138555286	0.004548306148055207	1.3729966191272764	0.13766946782948955	3.858018252143799e-05
sv.B3d_S140	OZ183638.2	7375159	7457244	11	2.9142	820.729417178977	7375159	7457244	58	5.2727272727272725	28.181818181818183	310	82085	56849043	3.686996246227282e-05	0.0002875365955667085	7.79866797697259	0.8920204309403242	3.0382944272907067e-07
sv.B3d_S140	OZ183638.2	7457245	15090804	172	4.3479	22279.220921849093	7582366	15072532	662	3.8488372093023258	26.656976744186046	4585	7633559	56849043	0.003428751096833098	0.0044960267670430785	1.3112724254600312	0.11769292859552434	0.0003612729443213639
sv.B3d_S140	OZ183638.2	15090805	15175384	11	2.6016	399.5765566188054	15090805	15175384	79	7.181818181818182	82.18181818181819	904	84579	56849043	3.7990187672492815e-05	0.0002875365955667085	7.568706899937278	0.8790216874007255	4.061910542739893e-07
sv.B3d_S140	OZ183638.2	15175385	56849043	896	4.3251	21139.757447041982	15184095	56746766	3497	3.9029017857142856	29.912946428571427	26802	41673658	56849043	0.01871847726290547	0.02342116269343371	1.2512322644880727	0.09733793465156898	3.466441940098877e-11
sv.B3d_S140	OZ183639.2	0	54502275	1138	4.3613	22977.353193606363	542386	54360302	4448	3.9086115992970125	27.34797891036907	31122	54502275	54502275	0.024480682626039717	0.029746967795901295	1.215120029547702	0.08461917965905315	5.944761669296327e-11
sv.B3d_S140	OZ183640.2	0	52478002	994	4.4268	26717.757271179464	239478	52466717	4065	4.089537223340041	25.875251509054326	25720	52478002	52478002	0.02357144379405589	0.02598285236302802	1.1023021156464003	0.0423006409550166	0.0011510395936896226
sv.B3d_S140	OZ183641.2	0	52743892	1026	4.4051	25415.578535017175	516462	52726974	3838	3.740740740740741	28.963937621832358	29717	52743892	52743892	0.02369087309684073	0.026819322459222084	1.1320529365715333	0.053866735618483846	4.237609110233444e-05
sv.B3d_S140	OZ183642.2	0	42979467	908	4.3668	23270.193788481618	1097554	42917076	3707	4.082599118942731	27.879955947136565	25315	42979467	42979467	0.019305004994073133	0.023734838979506484	1.229465570549884	0.08971637144028252	6.416491460674777e-10
sv.B3d_S140	OZ183643.2	0	29885044	52	4.9872	97095.70065288235	73937	29711519	231	4.4423076923076925	27.942307692307693	1453	29885044	29885044	0.013423408058273393	0.0013592639063153493	0.10126071564050976	-0.9945590076461346	1.0
sv.B3d_S140	OZ183644.2	0	29388909	529	4.4594	28800.498174428532	60646	27111003	2175	4.111531190926276	25.982986767485823	13745	29388909	29388909	0.013200560049182576	0.013827896277708073	1.0475234555343236	0.020163756215974604	0.14640197143699124
sv.B3d_S140	OZ183645.2	0	14526857	255	4.4835	30443.879900225438	23827	13447417	927	3.635294117647059	25.737254901960785	6563	14526857	14526857	0.006525000576046843	0.006665621079046424	1.0215510330398738	0.009260067311101152	0.37475709494191
sv.B3d_S140	OZ183646.2	0	9179381	167	4.4686	29417.10969752721	34341	9075512	562	3.3652694610778444	24.239520958083833	4048	9179381	9179381	0.004123085008185421	0.004365328314512756	1.0587529255027284	0.024794623365149523	0.24000421264394936
